Time (s),x (m),y (m),yaw (rad),CTE (m),Orientation Error (rad),linear_x_cmd (m/s),linear_x (m/s),angular_z_cmd (rad/s),angular_z (rad/s),nearest s,look-ahead s
9.35E-05,0.015894362,0.026086312,0.012533582,0.026086312,0.012533582,0.028229252,0,0,0,0.015892772,0.215892772
0.005347252,0.015894362,0.026086312,0.012533582,0.026086312,0.012533582,0.028229252,0,0,0,0.015892772,0.215892772
0.054828405,0.015894362,0.026086312,0.012533582,0.026086312,0.012533582,0.028229252,0,0,0,0.015892772,0.215892772
0.104685307,0.015894362,0.026086312,0.012533582,0.026086312,0.012533582,0.028229252,0,0,0,0.015892772,0.215892772
0.158100843,0.016014352,0.026087868,0.012587651,0.026087868,0.012587651,0.028230902,0,0,0,0.016014339,0.216014339
0.206504822,0.016214337,0.026090265,0.011704043,0.026090265,0.011704043,0.034176765,0.007,-0.009783739,0,0.016214317,0.216214317
0.256062508,0.016414322,0.026092726,0.012165331,0.026092726,0.012165331,0.034194002,0.007,-0.009816253,0,0.016414302,0.216414302
0.305705309,0.016994275,0.026100092,0.013547544,0.026100092,0.013547544,0.045100045,0.017999999,-0.02549228,-0.043000001,0.016994217,0.216994217
0.356829882,0.017794207,0.026110551,0.010674881,0.026110551,0.010674881,0.04681206,0.022,-0.030547765,0,0.017794127,0.217794127
0.406032324,0.018754156,0.02612042,0.010179834,0.02612042,0.010179834,0.058979743,0.033,-0.045676686,-0.043000001,0.01875406,0.21875406
0.458271742,0.020754063,0.026139627,0.007753161,0.026139627,0.007753161,0.06158633,0.037,-0.050365257,-0.086999997,0.020753863,0.220753863
0.506061077,0.023793994,0.026159962,0.004978891,0.026159962,0.004978891,0.052688786,0.041000001,-0.054732204,0.043000001,0.023793994,0.223793994
0.556159735,0.025673974,0.026168548,0.004705512,0.026168548,0.004705512,0.061361862,0.045000002,-0.0599695,0,0.025673786,0.225673786
0.606506824,0.027753951,0.026178335,0.003356255,0.026178335,0.003356255,0.077182545,0.052000001,-0.068632819,-0.086999997,0.027753743,0.227753743
0.657010794,0.030073938,0.026186122,0.001282189,0.026186122,0.001282189,0.0849579,0.059999999,-0.077990809,-0.086999997,0.030073706,0.230073706
0.705983162,0.032473936,0.026187111,-0.001340834,0.026187111,-0.001340834,0.092006031,0.067000002,-0.085365084,-0.086999997,0.032473696,0.232473696
0.757742882,0.035093934,0.02618475,-0.00253664,0.02618475,-0.00253664,0.107233025,0.082999997,-0.104765442,-0.086999997,0.035093672,0.235093672
0.805835724,0.042833822,0.026145844,-0.009251633,0.026145844,-0.009251633,0.108362674,0.082999997,-0.099128539,-0.086999997,0.042833048,0.242833048
0.869164228,0.046513626,0.026107902,-0.012942735,0.026107902,-0.012942735,0.115870481,0.093999997,-0.108679491,-0.043000001,0.046513258,0.246513258
0.906003952,0.050493218,0.026051257,-0.01626167,0.026051257,-0.01626167,0.123642398,0.097999997,-0.109835467,-0.086999997,0.05049282,0.25049282
0.956117153,0.054692633,0.025981086,-0.020389903,0.025981086,-0.020389903,0.136392412,0.108999997,-0.117364002,-0.130999997,0.054692213,0.254692213
1.00591588,0.058971662,0.025890031,-0.024409082,0.025890031,-0.024409082,0.139271399,0.112999998,-0.116699994,-0.086999997,0.058971662,0.258971662
1.058090687,0.063490215,0.025775782,-0.028599958,0.025775782,-0.028599958,0.153022379,0.123999998,-0.122255377,-0.130999997,0.063489763,0.263489763
1.107235909,0.075823285,0.025364142,-0.03856456,0.025364142,-0.03856456,0.156113929,0.128000006,-0.111074622,-0.086999997,0.075822052,0.275822052
1.157920122,0.081159035,0.02515119,-0.042741839,0.02515119,-0.042741839,0.163837713,0.135000005,-0.110189711,-0.086999997,0.081158501,0.281158501
1.205803394,0.086873595,0.024901861,-0.046885228,0.024901861,-0.046885228,0.170090214,0.147,-0.112193063,-0.043000001,0.086873023,0.286873023
1.257632971,0.092806811,0.024618111,-0.050481483,0.024618111,-0.050481483,0.184924447,0.153999999,-0.109944583,-0.130999997,0.092806218,0.292806218
1.30674839,0.098958829,0.024304632,-0.054576146,0.024304632,-0.054576146,0.185127849,0.153999999,-0.101365404,-0.130999997,0.098958214,0.298958214
1.360971451,0.105648369,0.023930468,-0.059226107,0.023930468,-0.059226107,0.193240466,0.162,-0.096229988,-0.130999997,0.1056477,0.3056477
1.405777931,0.123251156,0.022787367,-0.073345086,0.022787367,-0.073345086,0.216077803,0.185000002,-0.073695463,-0.130999997,0.123249395,0.323249395
1.457769632,0.130530793,0.022242604,-0.07857444,0.022242604,-0.07857444,0.218418615,0.187999994,-0.060124718,-0.086999997,0.130530065,0.330530065
1.506029367,0.138345501,0.021613524,-0.083792359,0.021613524,-0.083792359,0.230462155,0.200000003,-0.047435287,-0.130999997,0.13834472,0.33834472
1.557322025,0.146376611,0.020931769,-0.087593788,0.020931769,-0.087593788,0.236891307,0.207000002,-0.034350608,-0.130999997,0.146375808,0.346375808
1.606018066,0.154703583,0.020189409,-0.09074114,0.020189409,-0.09074114,0.244076692,0.215000004,-0.021103336,-0.130999997,0.15470275,0.35470275
1.657827377,0.163346827,0.019391429,-0.092361059,0.019391429,-0.092361059,0.255950882,0.230000004,-0.009830994,-0.043000001,0.163345963,0.363345963
1.707356691,0.181725696,0.017662709,-0.095237235,0.017662709,-0.095237235,0.256470068,0.230000004,0.016384487,-0.043000001,0.181723858,0.381723858
1.756208658,0.196059214,0.016280781,-0.09820986,0.016280781,-0.09820986,0.263562791,0.245000005,0.041473068,-0.043000001,0.19605778,0.39605778
1.806306601,0.211205633,0.014786128,-0.098413199,0.014786128,-0.098413199,0.264828826,0.25999999,0.0638221,-0.043000001,0.211204118,0.411204118
1.857575655,0.21630086,0.014283066,-0.098531424,0.014283066,-0.098531424,0.271203226,0.256000012,0.06954105,0,0.21630035,0.41630035
1.905634165,0.237318476,0.012206004,-0.096685482,0.012206004,-0.096685482,0.252934021,0.268000007,0.095560377,-0.043000001,0.237316374,0.437316374
1.95522809,0.237318476,0.012206004,-0.096685482,0.012206004,-0.096685482,0.300591438,0.270999998,0.09663008,0.086999997,0.237316374,0.437316374
2.006835699,0.258701754,0.010170135,-0.090447143,0.010170135,-0.090447143,0.292603407,0.263999999,0.104487483,0.174999997,0.258699616,0.458699616
2.056960106,0.269299929,0.009227775,-0.087092353,0.009227775,-0.087092353,0.286325526,0.275000006,0.112560606,0.043000001,0.269298869,0.469298869
2.105855465,0.286058309,0.007789209,-0.082509407,0.007789209,-0.082509407,0.284661147,0.282999992,0.123207649,0.043000001,0.286056633,0.486056633
2.156831026,0.303103003,0.00641548,-0.076603629,0.00641548,-0.076603629,0.314385119,0.286000013,0.127269205,0.086999997,0.303101298,0.503101298
2.209138155,0.320235139,0.005134415,-0.07080661,0.005134415,-0.07080661,0.28735381,0.289999992,0.130819434,0.043000001,0.320233425,0.520233425
2.257331133,0.331966733,0.004317585,-0.065870431,0.004317585,-0.065870431,0.328319547,0.298000008,0.131898397,0.130999997,0.33196556,0.53196556
2.30620265,0.343841969,0.003550243,-0.060640297,0.003550243,-0.060640297,0.3205836,0.289999992,0.124326458,0.130999997,0.343840781,0.543840781
2.356015444,0.355661145,0.002848499,-0.055587054,0.002848499,-0.055587054,0.331107239,0.301999986,0.124815722,0.086999997,0.355659963,0.555659963
2.406086445,0.367862843,0.002180313,-0.051106037,0.002180313,-0.051106037,0.34292718,0.312999994,0.125800536,0.130999997,0.367861622,0.567861622
2.466046572,0.386700632,0.001266435,-0.042158597,0.001266435,-0.042158597,0.336429817,0.317000002,0.113544336,0.174999997,0.386698748,0.586698748
2.506349802,0.412463076,0.000320899,-0.027607188,0.000320899,-0.027607188,0.337885142,0.319999993,0.083200137,0.130999997,0.4124605,0.6124605
2.557728529,0.425818595,-2.44E-05,-0.021599339,-2.44E-05,-0.021599339,0.322415694,0.319999993,0.069502392,0.130999997,0.425818595,0.625818595
2.60608387,0.43969586,-0.000299864,-0.016111712,-0.000299864,-0.016111712,0.352372249,0.331999987,0.058465525,0.086999997,0.43969586,0.63969586
2.656171799,0.45311431,-0.000504279,-0.01225402,-0.000504279,-0.01225402,0.349058332,0.338999987,0.05008665,0.086999997,0.45311431,0.65311431
2.706771374,0.466673423,-0.000658644,-0.008143447,-0.000658644,-0.008143447,0.366000814,0.342999995,0.03922666,0.043000001,0.466673423,0.666673423
2.757884502,0.487172917,-0.000801918,-0.001666484,-0.000801918,-0.001666484,0.341506108,0.342999995,0.019468594,0.043000001,0.487172917,0.687172917
2.806069374,0.514752885,-0.000776509,0.003477156,-0.000776509,0.003477156,0.288812112,0.338999987,0.001374203,0.086999997,0.514752885,0.714752885
2.856492519,0.521832849,-0.000751891,0.004217889,-0.000751891,0.004217889,0.378317008,0.354000002,-0.001622905,0,0.521832849,0.721832849
2.906982183,0.542872724,-0.000675202,0.005695617,-0.000675202,0.005695617,0.287454343,0.335999995,-0.007793873,0.043000001,0.542872724,0.742872724
2.957729101,0.563312336,-0.000541085,0.005716489,-0.000541085,0.005716489,0.291785114,0.342999995,-0.010327917,0.043000001,0.563312336,0.763312336
3.006145,0.577513647,0.006671524,0.006610522,0.006671524,0.006610522,0.284002776,0.338999987,-0.135340516,0,0.577512227,0.777512227
3.057521582,0.580359412,0.018562234,0.007140975,0.018562234,0.007140975,0.273000018,0.328000009,-0.325036136,-0.043000001,0.580359127,0.780359127
3.106518507,0.587241117,0.025330919,0.007248875,0.025330919,0.007248875,0.257999994,0.312999994,-0.412493026,-0.043000001,0.587240428,0.787240428
3.157061815,0.60488076,0.025438654,0.004627348,0.025438654,0.004627348,0.239000006,0.294,-0.381385055,-0.086999997,0.604878996,0.804878996
3.206235647,0.621400699,0.025492079,-0.002280735,0.025492079,-0.002280735,0.209044974,0.263999999,-0.325195652,-0.174999997,0.621399047,0.821399047
3.257148266,0.626600682,0.025480221,-0.006770559,0.025480221,-0.00677056,0.283019166,0.256000012,-0.303876234,-0.263000011,0.626600162,0.826600162
3.306154251,0.646198032,0.025185392,-0.030771971,0.025185392,-0.030771972,0.268745556,0.240999997,-0.225618864,-0.351000011,0.646196073,0.846196073
3.357318163,0.65583231,0.024854979,-0.047522772,0.024854979,-0.047522772,0.269031532,0.240999997,-0.181870952,-0.351000011,0.655831346,0.855831346
3.406989336,0.665379578,0.024362804,-0.060372273,0.024362804,-0.060372273,0.263272893,0.237000003,-0.143057063,-0.395000011,0.665378623,0.865378623
3.455802917,0.675000096,0.023751141,-0.073687366,0.023751141,-0.073687367,0.274870708,0.248999998,-0.110033731,-0.351000011,0.674999133,0.874999133
3.506188393,0.690031335,0.022542243,-0.091524811,0.022542243,-0.091524813,0.278758874,0.248999998,-0.051248741,-0.263000011,0.690029832,0.890029832
3.55770421,0.705419768,0.021057262,-0.102862901,0.021057262,-0.102862903,0.287261789,0.25999999,-0.005268692,-0.130999997,0.705418229,0.905418229
3.606553316,0.721389345,0.019355684,-0.112442106,0.019355683,-0.112442109,0.300977451,0.275000006,0.043694228,-0.130999997,0.721387748,0.921387748
3.6572721,0.73239711,0.018092768,-0.117635255,0.018092768,-0.117635259,0.297286313,0.270999998,0.073988474,-0.174999997,0.732396009,0.932396009
3.706526995,0.74377673,0.016737615,-0.120928683,0.016737615,-0.120928689,0.271973304,0.279000014,0.104056419,-0.086999997,0.743775592,0.943775592
3.755785704,0.7549942,0.015374449,-0.122612458,0.015374449,-0.122612467,0.257060487,0.294,0.134476965,0,0.754993078,0.954993078
3.807003021,0.766665886,0.013936136,-0.122028006,0.013936136,-0.122028018,0.243728078,0.286000013,0.149605514,0,0.766664719,0.966664719
3.859166861,0.784018326,0.011828411,-0.118611014,0.011828411,-0.118611035,0.258805248,0.282999992,0.168102644,0.043000001,0.784016591,0.984016591
3.907244444,0.790047164,0.029892372,-0.101470669,0.029892371,-0.101470694,0.228000018,0.282999992,-0.131198036,0.130999997,0.790046562,0.990046562
3.955778837,0.798293062,0.031829058,-0.095813862,0.031829057,-0.095813895,0.213000007,0.268000007,-0.164007545,0.130999997,0.798292238,0.998292238
4.006914854,0.808427622,0.030868155,-0.091014812,0.030868153,-0.091014856,0.194000019,0.248999998,-0.152760341,0.086999997,0.80842661,1.00842661
4.056998014,0.818108156,0.029992927,-0.087821441,0.029992925,-0.0878215,0.167006988,0.222000003,-0.133907551,0.043000001,0.818107189,1.018107189
4.106090546,0.827192988,0.029193027,-0.086155004,0.029193025,-0.086155081,0.17839719,0.207000002,-0.120334403,-0.043000001,0.827192082,1.027192082
4.156969547,0.835681407,0.028459896,-0.086459956,0.028459892,-0.086460055,0.221684535,0.195999995,-0.106447975,-0.086999997,0.835680561,1.035680561
4.20627594,0.854506019,0.026774809,-0.094707801,0.026774803,-0.094707976,0.218484084,0.187999994,-0.071470974,-0.174999997,0.854504141,1.054504141
4.255960703,0.861792716,0.026077219,-0.098768134,0.026077212,-0.098768352,0.21104082,0.180999994,-0.055401876,-0.086999997,0.861791993,1.061791993
4.306910276,0.869294987,0.025323708,-0.101829059,0.025323699,-0.101829332,0.215381415,0.185000002,-0.044230884,-0.130999997,0.869294244,1.069294244
4.357753754,0.876794909,0.024547236,-0.104256983,0.024547225,-0.104257325,0.22535939,0.195999995,-0.034716452,-0.086999997,0.876794167,1.076794167
4.407566786,0.884730846,0.023709992,-0.107436275,0.023709978,-0.107436708,0.228230456,0.200000003,-0.020922589,-0.043000001,0.884730063,1.084730063
4.458273172,0.892822741,0.022826722,-0.111325534,0.022826703,-0.111326086,0.233658875,0.210999995,-0.00478001,0,0.892821944,1.092821944
4.506511211,0.913943683,0.020398981,-0.114782736,0.020398947,-0.114783777,0.246903,0.218999997,0.028774925,0,0.913941592,1.113941592
4.557457685,0.922925113,0.019371436,-0.114696629,0.019371391,-0.114697992,0.250436632,0.225999996,0.041008479,0.086999997,0.922924241,1.122924241
4.606369019,0.932282949,0.018291048,-0.115677395,0.018290988,-0.1156792,0.264015178,0.240999997,0.059024534,0,0.932282046,1.132282046
4.656848907,0.941718509,0.017186235,-0.116988377,0.017186155,-0.116990773,0.262952987,0.248999998,0.077955222,0,0.941717607,1.141717607
4.716540337,0.961540436,0.0148429,-0.116193274,0.014842755,-0.116197617,0.273411263,0.252000004,0.10653691,0.043000001,0.961538518,1.161538518
4.762864113,0.961540436,0.0148429,-0.116193274,0.014842755,-0.116197617,0.284629726,0.256000012,0.108227975,0.174999997,0.961538518,1.161538518
4.811832428,0.976152402,0.016285246,-0.111887707,0.016285022,-0.111894436,0.292757978,0.268000007,0.083035856,0.043000001,0.97615105,1.17615105
4.864469051,0.982250656,0.0206222,-0.107840409,0.02062193,-0.107848493,0.24281848,0.263999999,0.014785482,0.086999997,0.982250213,1.182250213
4.914993286,0.999036249,0.018839928,-0.102878925,0.018839482,-0.102892298,0.234987237,0.275000006,0.02696156,0.130999997,0.999034822,1.199034822
4.961365938,1.004726012,0.018252496,-0.101693387,0.018251967,-0.101709246,0.308465973,0.282999992,0.033090398,0.043000001,1.004725732,1.204725732
5.022498846,1.026715405,0.016044715,-0.096223909,0.016043692,-0.096254583,0.288716434,0.263999999,0.047952332,0.086999997,1.026713697,1.226713697
5.067421675,1.026715405,0.016044715,-0.096223909,0.016043692,-0.096254583,0.295431102,0.270999998,0.049223795,0.086999997,1.026713697,1.226713697
5.112175941,1.053635758,0.0135042,-0.089614141,0.013501907,-0.089682935,0.272012405,0.275000006,0.073536549,0.043000001,1.053633991,1.253633991
5.173170805,1.064751308,0.012510287,-0.087313102,0.012507085,-0.087409116,0.239877581,0.275000006,0.085838394,0.043000001,1.064751397,1.264751397
5.213807821,1.076168432,0.011519246,-0.085205324,0.011514738,-0.08534056,0.241704229,0.279000014,0.102313401,0.086999997,1.076168848,1.276168848
5.270771503,1.087368488,0.010572511,-0.082442977,0.010566202,-0.082632238,0.220317721,0.275000006,0.116168076,0.043000001,1.087369368,1.287369368
5.314274549,1.098411704,0.009669624,-0.079505867,0.009660837,-0.079769497,0.201280217,0.256000012,0.124847159,0.086999997,1.098413147,1.298413147
5.369325399,1.108998565,0.008830554,-0.075977271,0.008818482,-0.076339483,0.194039013,0.248999998,0.139355446,0.086999997,1.109000701,1.309000701
5.412248611,1.133035674,0.007091526,-0.065196238,0.007066695,-0.065941293,0.182038054,0.237000003,0.186521959,0.130999997,1.133040931,1.333040931
5.466735363,1.141698123,0.006541042,-0.059913907,0.006508842,-0.060880194,0.164430532,0.218999997,0.197053157,0.174999997,1.141704418,1.341704418
5.518236876,1.149804036,0.006062974,-0.055361817,0.006021909,-0.056594047,0.139147422,0.192000002,0.199327256,0.130999997,1.149811468,1.349811468
5.564513206,1.157392872,0.005652272,-0.051261913,0.005600707,-0.052808814,0.128094736,0.180999994,0.216844685,0.086999997,1.157401558,1.357401558
5.612410784,1.171156739,0.004988486,-0.04161022,0.004910558,-0.043948826,0.114818914,0.162,0.250225517,0.130999997,1.171168265,1.371168265
5.660811186,1.171156739,0.004988486,-0.04161022,0.004910558,-0.043948826,0.112090349,0.138999999,0.214699669,0.130999997,1.171168265,1.371168265
5.713215113,1.183048241,0.004542761,-0.029361254,0.004431423,-0.032702244,0.126954361,0.143000007,0.269863944,0.174999997,1.183063136,1.383063136
5.767447948,1.190565583,0.004345292,-0.01828184,0.004205787,-0.02246844,0.135385131,0.123999998,0.261281734,0.218999997,1.190583332,1.390583332
5.811483145,1.197344803,0.004246741,-0.005463267,0.004075769,-0.010592703,0.126522657,0.108999997,0.250553539,0.218999997,1.197365932,1.397365932
5.867096663,1.199524802,0.004234832,-0.000244534,0.004052302,-0.005722049,0.136745922,0.112999998,0.265893798,0.263000011,1.199547249,1.399547249
5.911135435,1.194853817,0.007483093,0.027512079,0.007324395,0.022750019,0.137142456,0.108999997,0.1973133,0.307000011,1.194889236,1.399547249
5.961642027,1.187571451,0.010431239,0.044236524,0.010303676,0.040408044,0.150486808,0.123999998,0.170480587,0.307000011,1.187611965,1.399547249
6.014130592,1.192516732,0.010690799,0.055222817,0.010542819,0.050780013,0.152980217,0.128000006,0.170437365,0.263000011,1.19256373,1.399547249
6.063226938,1.197628131,0.010986835,0.065747554,0.010814313,0.060568736,0.15965289,0.138999999,0.179775881,0.218999997,1.197684362,1.399547249
6.122867107,1.205947267,0.011576878,0.079772692,0.01135539,0.073123086,0.159330213,0.138999999,0.205698828,0.218999997,1.206023167,1.406023167
6.170694828,1.21465635,0.012311446,0.092462532,0.012023714,0.083820397,0.16446179,0.147,0.263268264,0.218999997,1.2147609,1.4147609
6.212473631,1.223713595,0.013191915,0.10452026,0.012814135,0.093165414,0.166792692,0.153999999,0.332695449,0.218999997,1.223860161,1.423860161
6.262654543,1.229997616,0.013865397,0.111830125,0.013409011,0.098103724,0.167243548,0.162,0.396519761,0.218999997,1.230183215,1.430183215
6.313714027,1.236276897,0.014581684,0.120780133,0.014030324,0.104192529,0.166179171,0.165999994,0.45358263,0.263000011,1.236511954,1.436511954
6.368689299,1.24605867,0.015821462,0.136282232,0.015081007,0.11397552,0.165019564,0.162,0.515902132,0.307000011,1.246399303,1.446399303
6.413003445,1.255897379,0.017235229,0.156055744,0.016238455,0.125967563,0.162079236,0.165999994,0.600907962,0.351000011,1.256393601,1.456393601
6.46873951,1.259098012,0.017738802,0.163369796,0.016640618,0.130183296,0.160233191,0.162,0.608512306,0.395000011,1.259659343,1.459659343
6.511315107,1.272153359,0.020056425,0.198242068,0.018423559,0.148665466,0.154928652,0.165999994,0.709006849,0.43900001,1.273086826,1.473086826
6.562239408,1.278656211,0.021398347,0.218662467,0.019406488,0.157986705,0.15947824,0.165999994,0.7467205,0.526000023,1.279863728,1.479863728
6.617978573,1.284973693,0.022840024,0.240153829,0.02042135,0.166190158,0.164726239,0.162,0.76154489,0.569999993,1.286528918,1.486528918
6.661757946,1.291104224,0.024375497,0.263170972,0.021451606,0.173266808,0.164696884,0.153999999,0.750343918,0.569999993,1.293097837,1.493097837
6.711470604,1.297195909,0.026058679,0.28781005,0.022522552,0.178387444,0.180666308,0.158000007,0.793150112,0.702000022,1.299756277,1.499756277
6.764503956,1.306322759,0.028901626,0.327284677,0.02418049,0.17929706,0.186388062,0.165999994,0.863678324,0.702000022,1.3100744,1.5100744
6.811876774,1.318651178,0.033384512,0.385740222,0.026328097,0.158952657,0.192870406,0.165999994,0.890787634,0.790000021,1.325018988,1.525018988
6.863413095,1.32496877,0.036005712,0.416836055,0.027272873,0.131722646,0.194850206,0.169,0.915801605,0.745999992,1.333354665,1.533354665
6.924148321,1.331417054,0.038928409,0.449971085,0.028003591,0.087692867,0.209209266,0.180999994,0.984686991,0.878000021,1.342532742,1.542532742
6.969220161,1.337837675,0.042096727,0.484763482,0.028354044,0.025210329,0.2059097,0.185000002,1,0.833999991,1.352427356,1.552427356
7.021467447,1.344352807,0.045605192,0.520339003,0.028184072,-0.055560181,0.208552528,0.192000002,1,0.921999991,1.363118214,1.563118214
7.070829153,1.350909483,0.049447659,0.557253966,0.027371692,-0.14024341,0.221882052,0.200000003,1,1.008999944,1.374057527,1.574057527
7.12424016,1.367421023,0.060649164,0.655048926,0.022751423,-0.28612471,0.209054603,0.202999994,1,0.964999974,1.399670664,1.599670664
7.171450615,1.373874316,0.065707674,0.694776217,0.020239258,-0.313909175,0.213931734,0.207000002,1,1.008999944,1.408932979,1.608932979
7.214573145,1.380180825,0.071072277,0.734246567,0.017540272,-0.328852154,0.215978187,0.202999994,0.971746091,0.964999974,1.417791067,1.617791067
7.266736269,1.385467405,0.07356939,0.774351776,0.014067266,-0.316625573,0.221059239,0.207000002,0.95966288,1.008999944,1.422936718,1.622936718
7.311558723,1.392756623,0.0689197,0.856431992,0.005453225,-0.230459233,0.223957308,0.215000004,0.907843389,1.008999944,1.422154542,1.622936718
7.36162591,1.392756623,0.0689197,0.856431992,0.005453225,-0.230459233,0.220506971,0.210999995,0.890953245,1.052999973,1.422154542,1.622936718
7.420007944,1.406145634,0.08570473,0.956756938,0.000375053,-0.222044431,0.224603249,0.207000002,0.784138393,1.008999944,1.443308337,1.643308337
7.470742226,1.411156915,0.092962248,0.994080577,-0.001610149,-0.213477057,0.238212542,0.222000003,0.803220794,1.008999944,1.451885268,1.651885268
7.510934591,1.416013457,0.100586398,1.030777132,-0.003556743,-0.202305923,0.242401378,0.222000003,0.764861801,0.833999991,1.46064749,1.66064749
7.565726757,1.420485356,0.108188342,1.064787455,-0.005351488,-0.189508198,0.248703143,0.230000004,0.754622548,0.833999991,1.469188341,1.669188341
7.611765862,1.429024758,0.124573176,1.131888711,-0.008719253,-0.159665834,0.247752113,0.233999997,0.687150626,0.878000021,1.487096997,1.687096997
7.665064096,1.432988968,0.133184198,1.163011827,-0.010232633,-0.144433706,0.254371388,0.237000003,0.656847392,0.745999992,1.496305029,1.696305029
7.715250969,1.436714021,0.14198832,1.1939063,-0.011604633,-0.127412959,0.253444351,0.237000003,0.615455411,0.745999992,1.505614044,1.705614044
7.762044668,1.441501879,0.150390946,1.24087318,-0.014227785,-0.092732187,0.263905589,0.245000005,0.567946644,0.745999992,1.514764418,1.714764418
7.813384771,1.445287765,0.154195797,1.286425695,-0.017026665,-0.052817531,0.26850436,0.245000005,0.497522918,0.657999992,1.519256487,1.719256487
7.857090712,1.44672421,0.159110172,1.297921254,-0.017312402,-0.047303469,0.274938404,0.252000004,0.493693531,0.657999992,1.524265917,1.724265917
7.907443523,1.451836353,0.178795343,1.345596167,-0.018110421,-0.020262749,0.284712263,0.25999999,0.42315441,0.569999993,1.54422431,1.74422431
7.95708251,1.454100786,0.188945643,1.366110363,-0.018308068,-0.008508793,0.291967388,0.263999999,0.390563583,0.43900001,1.554461559,1.754461559
8.006438971,1.456604383,0.199414518,1.386088487,-0.01876854,0.003123202,0.294692405,0.268000007,0.360891388,0.481999993,1.565061366,1.765061366
8.055787086,1.461504762,0.215295206,1.41708979,-0.020714216,0.022665625,0.301495434,0.275000006,0.327698808,0.481999993,1.581340874,1.781340874
8.106070042,1.464444031,0.232196218,1.446512868,-0.020732272,0.041909816,0.31022054,0.282999992,0.270458779,0.395000011,1.598284919,1.798284919
8.156935692,1.465153124,0.237872103,1.455315162,-0.020501302,0.047711697,0.325295403,0.298000008,0.26047229,0.395000011,1.603937892,1.803937892
8.205784559,1.467611156,0.261664452,1.486725813,-0.01919985,0.067784897,0.334341858,0.308999985,0.173813027,0.351000011,1.627596435,1.827596435
8.255916834,1.478343308,0.274716614,1.498227676,-0.027878751,0.073237468,0.337705941,0.312999994,0.280843114,0.307000011,1.641953401,1.841953401
8.305837631,1.494690475,0.288319645,1.507860839,-0.042123407,0.077013275,0.334963084,0.317000002,0.471203291,0.263000011,1.657540487,1.857540487
8.356100082,1.504157316,0.30830102,1.522924502,-0.048783091,0.085379577,0.34661233,0.328000009,0.547553947,0.307000011,1.678319843,1.878319843
8.40609169,1.505026134,0.328342023,1.538883348,-0.047038597,0.095732883,0.357563852,0.338999987,0.500092199,0.263000011,1.698035623,1.898035623
8.457041025,1.505242475,0.335118575,1.544783106,-0.046396501,0.099872992,0.355690119,0.331999987,0.465150564,0.351000011,1.704702975,1.904702975
8.507081032,1.511311588,0.362759799,1.574385863,-0.04904305,0.122866386,0.370907367,0.347000003,0.440983424,0.43900001,1.732563764,1.932563764
8.55657506,1.520033335,0.377039756,1.591031849,-0.05602739,0.136442349,0.378061716,0.354000002,0.505449067,0.43900001,1.747607993,1.947607993
8.60593462,1.524002164,0.39151209,1.607900832,-0.058311708,0.150615192,0.378171229,0.354000002,0.48830484,0.43900001,1.762285422,1.962285422
8.656003952,1.523407506,0.405819592,1.625313399,-0.056117477,0.165627947,0.385482101,0.361999989,0.411407744,0.526000023,1.776298926,1.976298926
8.706669807,1.521974602,0.427872342,1.653436338,-0.052285561,0.190376146,0.397270667,0.377000004,0.272068258,0.43900001,1.79788043,1.99788043
8.757789135,1.519901837,0.450095133,1.682864392,-0.047868812,0.216799968,0.392826697,0.377000004,0.097021049,0.43900001,1.819607707,2.019607707
8.807137012,1.517132712,0.472786127,1.709550463,-0.042773096,0.240828035,0.392159424,0.38499999,-0.085518122,0.43900001,1.841771284,2.041771284
8.855912447,1.514160017,0.489772075,1.731419314,-0.038099736,0.260952515,0.344472094,0.388000011,-0.251032016,0.218999997,1.858299333,2.058299333
8.905650377,1.510035182,0.507723859,1.754500086,-0.032212502,0.28234689,0.337990026,0.388000011,-0.445325555,0.218999997,1.875693406,2.075693406
8.956508398,1.506629898,0.523766691,1.76544387,-0.027254788,0.291907555,0.334027556,0.38499999,-0.573637471,0.086999997,1.891285208,2.091285208
9.00683856,1.503638056,0.538873273,1.767789728,-0.022819071,0.293059346,0.32810376,0.381000012,-0.657285814,-0.130999997,1.906002626,2.106002626
9.058188915,1.499331252,0.560712635,1.763659811,-0.016454116,0.287393017,0.30808965,0.361999989,-0.720993332,-0.174999997,1.927302906,2.127302906
9.105926991,1.494167573,0.588292925,1.737204004,-0.008732875,0.259315595,0.298391908,0.335999995,-0.708104957,-0.481999993,1.954258488,2.154258488
9.157229185,1.493054444,0.594920099,1.726539142,-0.007010842,0.248306358,0.29343332,0.324000001,-0.676124318,-0.614000022,1.960751407,2.160751407
9.207129478,1.490275326,0.614159454,1.691295587,-0.002474175,0.21214452,0.252265607,0.301999986,-0.592576084,-0.702000022,1.979649258,2.179649258
9.257858276,1.488337551,0.632315069,1.647456795,0.001110094,0.167551241,0.244995578,0.298000008,-0.508400195,-0.745999992,1.997550388,2.197550388
9.305794239,1.487285628,0.649461397,1.599490749,0.003708633,0.118973126,0.240100667,0.294,-0.399751333,-0.790000021,2.014534342,2.214534342
9.357201099,1.482936382,0.65752168,1.567117412,0.008765914,0.086357478,0.221875321,0.275000006,-0.354279421,-0.745999992,2.022171917,2.222171917
9.406209946,1.474176865,0.661960774,1.533564048,0.017888892,0.05269595,0.207221314,0.245000005,-0.34337979,-0.657999992,2.025807403,2.225807403
9.456103563,1.468809652,0.66797447,1.505145832,0.023774057,0.024122599,0.23900295,0.225999996,-0.317379818,-0.526000023,2.031318387,2.231318387
9.505969286,1.469863888,0.681713548,1.471984641,0.023953381,-0.009380077,0.2401103,0.215000004,-0.233729705,-0.481999993,2.04510416,2.24510416
9.557780981,1.471236294,0.694379,1.446642858,0.023715949,-0.034978326,0.236699841,0.207000002,-0.171103171,-0.395000011,2.057847805,2.257847805
9.607549191,1.47288681,0.706849979,1.426383626,0.023181311,-0.0554375,0.240938295,0.210999995,-0.126998471,-0.351000011,2.070420931,2.270420931
9.668756247,1.474123483,0.71519884,1.416158286,0.022690927,-0.065769615,0.241936927,0.210999995,-0.100892522,-0.263000011,2.078849391,2.278849391
9.705751181,1.475523104,0.72404881,1.407669579,0.022081859,-0.0743477,0.256187522,0.225999996,-0.082737117,-0.174999997,2.087790605,2.287790605
9.755753517,1.476989945,0.732887929,1.401591612,0.021404185,-0.080490417,0.194649572,0.233999997,-0.064292051,0,2.096726362,2.296726362
9.805711746,1.47936492,0.746644344,1.398558488,0.020256911,-0.083575451,0.239526582,0.230000004,-0.044230435,-0.043000001,2.110638921,2.310638921
9.856887579,1.482855673,0.758634778,1.397046432,0.017841551,-0.085083904,0.220587915,0.230000004,-0.014354819,0.043000001,2.122892711,2.322892711
9.905894041,1.489509818,0.766111647,1.396711001,0.011875718,-0.085391888,0.273763948,0.245000005,0.057266105,0.043000001,2.130929156,2.330929156
9.955864191,1.491941692,0.773810701,1.394822413,0.010135534,-0.087234241,0.252447501,0.230000004,0.077300513,-0.043000001,2.138812892,2.338812892
10.00656462,1.493605368,0.783143559,1.392222861,0.009305871,-0.089753246,0.256595305,0.245000005,0.097822743,-0.043000001,2.148255713,2.348255713
10.05901003,1.495331929,0.792708993,1.390848077,0.008435117,-0.091016986,0.266505424,0.256000012,0.115671401,0,2.157935656,2.357935656
10.1061089,1.497164614,0.802783659,1.391615011,0.007505175,-0.090101903,0.286734743,0.256000012,0.124249416,0.086999997,2.168132165,2.368132165
10.17318416,1.499907441,0.817978051,1.395051513,0.006127041,-0.086378857,0.286781222,0.256000012,0.130848084,0.086999997,2.183508536,2.383508536
10.20576119,1.503514342,0.838604999,1.402171792,0.004380595,-0.078737866,0.305866237,0.275000006,0.141294456,0.130999997,2.204372779,2.404372779
10.25712895,1.505337612,0.849371734,1.406954441,0.00353294,-0.073623011,0.301924349,0.270999998,0.135652088,0.086999997,2.215258582,2.415258582
10.3063097,1.50718383,0.860600974,1.410970844,0.00270812,-0.069216079,0.320604895,0.289999992,0.142932841,0.130999997,2.226607436,2.426607436
10.35721517,1.509007157,0.871975774,1.414850902,0.001924019,-0.064894586,0.332309578,0.301999986,0.146079841,0.086999997,2.238099715,2.438099715
10.4060781,1.509971653,0.880323811,1.435702891,0.001724025,-0.043690655,0.331229543,0.305000007,0.084754878,0.130999997,2.24650027,2.44650027
10.45526195,1.509971653,0.880323811,1.435702891,0.001724025,-0.043690655,0.310005593,0.317000002,0.088089494,0.174999997,2.24650027,2.44650027
10.506217,1.513235802,0.907985683,1.456084372,0.001016425,-0.021965964,0.271055637,0.324000001,0.02648395,0.174999997,2.274343231,2.474343231
10.55623794,1.51471593,0.921021897,1.462062751,0.000754687,-0.015259218,0.276435827,0.328000009,0.006650553,0.130999997,2.287459968,2.487459968
10.60638738,1.516105608,0.933907122,1.46668276,0.000578843,-0.009840719,0.267555016,0.319999993,-0.010528087,0.130999997,2.300418183,2.500418183
10.6576364,1.517387525,0.946280893,1.469912809,0.00047258,-0.005765215,0.266119742,0.305000007,-0.023250416,0.043000001,2.312857273,2.512857273
10.7056396,1.519736771,0.97020577,1.479097015,0.000427912,0.005272027,0.233298774,0.286000013,-0.05752587,0.086999997,2.336896335,2.536896335
10.75646114,1.519736771,0.97020577,1.479097015,0.000427912,0.005272027,0.222698736,0.275000006,-0.055313335,0.043000001,2.336896335,2.536896335
10.80612731,1.522144902,0.996937556,1.48390638,0.000650788,0.012491429,0.209231048,0.263999999,-0.080867892,0,2.363734147,2.563734147
10.85630155,1.523006237,1.006759828,1.482002557,0.000773017,0.011563322,0.197700002,0.252000004,-0.078682067,0.043000001,2.373592687,2.573592687
10.90642548,1.523865161,1.016361496,1.479406761,0.00088518,0.009968433,0.249553746,0.218999997,-0.068212402,-0.086999997,2.383231212,2.583231212
10.95781684,1.524681574,1.025143609,1.476996327,0.00096577,0.008519508,0.241691089,0.210999995,-0.065501475,-0.086999997,2.392049922,2.592049922
11.00702786,1.526301041,1.041945694,1.470636679,0.001087651,0.004177674,0.241211885,0.210999995,-0.061744059,-0.086999997,2.408927316,2.608927316
11.05596709,1.526301041,1.041945694,1.470636679,0.001087651,0.004177674,0.168389481,0.222000003,-0.064962945,-0.043000001,2.408927316,2.608927316
11.10651827,1.528538676,1.063610347,1.463205584,0.001149982,-0.000298095,0.253038783,0.225999996,-0.063212317,-0.086999997,2.430703804,2.630703804
11.15718889,1.529512742,1.072537356,1.459884701,0.001143421,-0.002285077,0.17598935,0.230000004,-0.062740281,-0.043000001,2.439682294,2.639682294
11.20561647,1.530526197,1.081600883,1.455125088,0.001124984,-0.005621032,0.190319624,0.225999996,-0.0572011,-0.174999997,2.448800687,2.648800687
11.25622702,1.531564089,1.090500575,1.45101435,0.001077326,-0.008265423,0.254879522,0.225999996,-0.054217441,-0.086999997,2.457758973,2.657758973
11.30739546,1.533694252,1.107789829,1.444183971,0.000910573,-0.012053023,0.183164957,0.207000002,-0.047285357,-0.043000001,2.475175129,2.675175129
11.35671616,1.534801758,1.116398911,1.441571294,0.000801374,-0.013048785,0.166358083,0.218999997,-0.050977648,0,2.483853099,2.683853099
11.40588069,1.536440782,1.128871585,1.439030998,0.000634885,-0.013049621,0.170566297,0.215000004,-0.054984657,-0.043000001,2.496430034,2.696430034
11.45798683,1.537267531,1.136831157,1.436795674,0.000763569,-0.01354239,0.231199639,0.202999994,-0.056663909,-0.086999997,2.504430151,2.704430151
11.50693941,1.535199022,1.144031658,1.428840593,0.003687764,-0.019916505,0.205680203,0.187999994,-0.071716066,-0.086999997,2.511324048,2.711324048
11.55952311,1.533278075,1.150984154,1.419553988,0.00644608,-0.02760683,0.149958143,0.195999995,-0.090684608,-0.086999997,2.517980681,2.717980681
11.60650182,1.535382911,1.166225203,1.413505582,0.006266725,-0.029710573,0.130189764,0.185000002,-0.090282528,-0.043000001,2.533340171,2.733340171
11.65629101,1.53654517,1.173513141,1.412001835,0.00604859,-0.029193557,0.133989008,0.180999994,-0.092801367,-0.086999997,2.540704713,2.740704713
11.70566559,1.538181697,1.183621437,1.406233861,0.00574709,-0.032018875,0.139267927,0.172999993,-0.089441389,-0.086999997,2.550922832,2.750922832
11.75880146,1.539214934,1.189795599,1.402525264,0.005544712,-0.033849161,0.177817144,0.162,-0.084439588,-0.130999997,2.557169033,2.757169033
11.80619669,1.540216692,1.195670836,1.400359238,0.005344846,-0.03416561,0.140229425,0.135000005,-0.073157167,-0.086999997,2.563115596,2.763115596
11.8587079,1.541137246,1.200991796,1.398780525,0.005160391,-0.03398304,0.107579097,0.138999999,-0.078865507,-0.043000001,2.568503172,2.768503172
11.90568089,1.543016004,1.211647227,1.393264684,0.004785831,-0.035704421,0.081878324,0.128000006,-0.077417359,0,2.579297447,2.779297447
11.9561646,1.543910319,1.216607172,1.390738983,0.004606319,-0.036341661,0.083647797,0.123999998,-0.077838755,-0.043000001,2.584325382,2.784325382
12.00663996,1.544763155,1.221269839,1.38799988,0.004434415,-0.037234555,0.077536076,0.116999999,-0.07592573,-0.043000001,2.589053932,2.789053932
12.05652642,1.545904218,1.227384212,1.384148179,0.004200087,-0.038560507,0.112726423,0.090000004,-0.061133885,-0.086999997,2.595258541,2.795258541
12.10672498,1.547187912,1.234102675,1.378325917,0.003931604,-0.041470042,0.045846981,0.082999997,-0.058457234,0,2.602081461,2.802081461
12.15559769,1.547187912,1.234102675,1.378325917,0.003931604,-0.041470042,0.070904094,0.079000004,-0.055640023,-0.043000001,2.602081461,2.802081461
12.20758986,1.548389476,1.240205466,1.37544897,0.00367029,-0.041575472,0.094707656,0.067000002,-0.050838123,-0.086999997,2.608285448,2.808285448
12.25649428,1.548927645,1.242912437,1.373188697,0.00355483,-0.042568356,0.079993439,0.071000002,-0.055095995,-0.043000001,2.611038454,2.811038454
12.30584955,1.549486419,1.245696832,1.369591213,0.0034346,-0.044837656,0.048414474,0.067000002,-0.052454781,0,2.6138712,2.8138712
12.35728741,1.550324232,1.249792077,1.36582703,0.003248922,-0.046602561,0.097959864,0.067000002,-0.054388864,-0.086999997,2.618040482,2.818040482
12.40581489,1.551416824,1.254998653,1.361109305,0.002998034,-0.048699458,0.08514794,0.064000003,-0.054764892,-0.043000001,2.623346365,2.823346365
12.45698714,1.551976963,1.257619437,1.358705319,0.002867037,-0.049750755,0.098231183,0.067000002,-0.059003025,-0.086999997,2.626019189,2.826019189
12.5070715,1.552576001,1.260395621,1.356527858,0.002726646,-0.050470581,0.098116348,0.067000002,-0.061191336,-0.086999997,2.628851695,2.828851695
12.55670929,1.555323257,1.262403769,1.353623878,0.000345172,-0.052092403,0.097113422,0.079000004,-0.064909528,-0.043000001,2.63128049,2.83128049
12.60599995,1.566210659,1.261577143,1.349604596,-0.010529801,-0.055584369,0.122311922,0.090000004,-0.023066898,-0.086999997,2.632259785,2.832259785
12.65639567,1.57666475,1.263005041,1.344458782,-0.020602755,-0.058983774,0.126015889,0.093999997,0.022394733,-0.043000001,2.635427451,2.835427451
12.70615172,1.578495168,1.270895579,1.34034505,-0.021074117,-0.058295907,0.132646709,0.101000004,0.009148451,-0.043000001,2.64361374,2.84361374
12.75654459,1.579547741,1.275373503,1.33852414,-0.021337392,-0.057201483,0.147750863,0.116999999,-0.001414546,-0.043000001,2.648267941,2.848267941
12.80597186,1.580673139,1.280122032,1.338283115,-0.021610663,-0.054199652,0.147379111,0.119999997,-0.01804927,0,2.653209972,2.853209972
12.85669971,1.581885144,1.285240567,1.337297007,-0.021886017,-0.05151641,0.1691548,0.138999999,-0.042747218,-0.043000001,2.65854266,2.85854266
12.90761757,1.583192589,1.290727042,1.337523657,-0.022167381,-0.047154385,0.178743798,0.150999993,-0.076679234,0,2.664266908,2.864266908
12.95972443,1.584535953,1.296369442,1.335788268,-0.022430599,-0.044419079,0.183508395,0.153999999,-0.110117108,-0.043000001,2.67016084,2.87016084
13.00821185,1.586713591,1.305452111,1.334401791,-0.022812893,-0.038140577,0.195467959,0.165999994,-0.184352463,-0.086999997,2.679666421,2.879666421
13.05599236,1.58991053,1.31862981,1.330608662,-0.023269842,-0.029475404,0.200095031,0.172999993,-0.306553727,-0.086999997,2.693506115,2.893506115
13.10701752,1.591647114,1.325720235,1.327500426,-0.023457298,-0.02486567,0.20414592,0.177000001,-0.383739991,-0.130999997,2.700983593,2.900983593
13.15706897,1.593465131,1.333017199,1.324101091,-0.02361858,-0.019539694,0.221736241,0.195999995,-0.511209557,-0.086999997,2.708707314,2.908707314
13.20559287,1.59538631,1.34061811,1.318060449,-0.02374023,-0.015639551,0.220764017,0.200000003,-0.614844992,-0.218999997,2.716781945,2.916781945
13.25715947,1.59738021,1.348283047,1.309816711,-0.023835333,-0.012959836,0.200300484,0.207000002,-0.734992492,-0.307000011,2.724961204,2.924961204
13.30630016,1.602978266,1.368231552,1.273131409,-0.024023798,-0.014688513,0.168949026,0.210999995,-0.995758495,-0.43900001,2.746517925,2.946517925
13.35533428,1.602978266,1.368231552,1.273131409,-0.024023798,-0.014688513,0.161302424,0.210999995,-0.995758495,-0.526000023,2.746517925,2.946517925
13.40572572,1.608047077,1.383848325,1.228105266,-0.024240156,-0.022945353,0.160687842,0.202999994,-1,-0.702000022,2.763822577,2.963822577
13.4562161,1.61068789,1.391059648,1.196336033,-0.024402942,-0.033938085,0.164717913,0.192000002,-1,-0.745999992,2.772006144,2.972006144
13.51711941,1.613415642,1.397830492,1.162219463,-0.024630419,-0.044915668,0.183073623,0.165999994,-0.974611781,-0.878000021,2.779869452,2.979869452
13.56948447,1.616112402,1.403897987,1.124784166,-0.024914514,-0.058308698,0.182352855,0.153999999,-0.913302566,-0.921999991,2.787099409,2.987099409
13.60860372,1.623388962,1.417735365,1.02441428,-0.025899124,-0.087410024,0.182375118,0.153999999,-0.903414807,-0.921999991,2.804517736,3.004517736
13.65541553,1.623388962,1.417735365,1.02441428,-0.025899124,-0.087410024,0.186447552,0.158000007,-0.926880174,-1.052999973,2.804517736,3.004517736
13.70782399,1.630453068,1.428573015,0.943403808,-0.026923459,-0.085236897,0.192013006,0.162,-0.92987596,-1.008999944,2.819616909,3.019616909
13.7691319,1.63457273,1.434132708,0.904458965,-0.027390135,-0.066118737,0.204108977,0.177000001,-1,-1.008999944,2.828099537,3.028099537
13.80696535,1.63899989,1.439657403,0.865144302,-0.027675711,-0.033119095,0.203224303,0.180999994,-1,-0.964999974,2.837167122,3.037167122
13.85802913,1.64374807,1.445122579,0.825611627,-0.027671575,0.016946658,0.218384917,0.192000002,-1,-1.008999944,2.846888718,3.046888718
13.9066,1.651725439,1.453431413,0.766120767,-0.026740831,0.129530639,0.226701959,0.195999995,-1,-0.964999974,2.863066399,3.063066399
13.95725656,1.663898058,1.464445116,0.683582731,-0.02312812,0.282705867,0.232231983,0.207000002,-1,-1.097000003,2.885009518,3.085009518
14.00879359,1.670747321,1.469905673,0.64256221,-0.020367287,0.334360048,0.21914353,0.218999997,-1,-1.052999973,2.895347072,3.095347072
14.05992126,1.677975572,1.475199434,0.602476057,-0.017198899,0.365882403,0.189801148,0.222000003,-1,-1.008999944,2.9050799,3.1050799
14.10753322,1.685543855,1.480287129,0.562107727,-0.01378329,0.380210168,0.175871377,0.222000003,-0.999632345,-1.008999944,2.914388302,3.114388302
14.15918517,1.693104504,1.484943569,0.521503453,-0.010397335,0.380028706,0.165800611,0.215000004,-0.932013628,-1.008999944,2.923089226,3.123089226
14.20780635,1.711910392,1.494798725,0.423649351,-0.002596906,0.345581976,0.153322697,0.207000002,-0.802356507,-1.008999944,2.943276892,3.143276892
14.26454234,1.711910392,1.494798725,0.423649351,-0.002596906,0.345581976,0.138529021,0.192000002,-0.744214729,-1.008999944,2.943276892,3.143276892
14.30646753,1.725522718,1.500497604,0.35337319,0.002221643,0.30184872,0.134171515,0.187999994,-0.654719038,-0.964999974,2.957235143,3.157235143
14.35591698,1.731827855,1.502762653,0.320541717,0.004188455,0.277951944,0.11104173,0.162,-0.531143332,-0.833999991,2.963611154,3.163611154
14.4058969,1.737707755,1.504664525,0.288846085,0.005859399,0.253148133,0.097565904,0.138999999,-0.426345646,-0.657999992,2.96952631,3.16952631
14.45798421,1.740685832,1.507087745,0.262066928,0.008179613,0.229475716,0.096143903,0.123999998,-0.362738522,-0.569999993,2.972563602,3.172563602
14.50633216,1.740838298,1.511714698,0.228641801,0.012799185,0.196342328,0.08730078,0.112999998,-0.318733382,-0.614000022,2.972863024,3.172863024
14.55591249,1.748541793,1.513782017,0.187704576,0.014643348,0.162024744,0.101427088,0.104999997,-0.265150487,-0.526000023,2.980532288,3.180532288
14.6059444,1.75239613,1.51449656,0.169629641,0.015264189,0.146740073,0.111700666,0.097999997,-0.23371393,-0.43900001,2.984361222,3.184361222
14.65826774,1.755788984,1.515063915,0.154097754,0.015757546,0.13340232,0.108490073,0.086000003,-0.194496213,-0.395000011,2.987731588,3.187731588
14.70615792,1.763197436,1.513635404,0.13780304,0.014191602,0.121187012,0.112131078,0.086000003,-0.175132648,-0.307000011,2.99505109,3.19505109
14.75854492,1.774110601,1.510321755,0.12161851,0.010723351,0.109600359,0.119002348,0.093999997,-0.161634084,-0.307000011,3.005858396,3.205858396
14.80585313,1.788167765,1.509085492,0.095124482,0.009349149,0.087223414,0.12023236,0.093999997,-0.131459032,-0.218999997,3.019861187,3.219861187
14.85606718,1.788167765,1.509085492,0.095124482,0.009349149,0.087223414,0.12990528,0.104999997,-0.146842536,-0.174999997,3.019861187,3.219861187
14.9129343,1.796773096,1.509858082,0.080097074,0.010061797,0.07399149,0.138426324,0.112999998,-0.145520477,-0.263000011,3.028454303,3.228454303
14.96348619,1.802074348,1.508717028,0.075108813,0.008890829,0.069899483,0.141837007,0.116999999,-0.138341694,-0.130999997,3.033740535,3.233740535
15.02687478,1.807927839,1.506564635,0.071710166,0.006710487,0.06733609,0.153314997,0.128000006,-0.133449004,-0.174999997,3.039577123,3.239577123
15.06483459,1.813632298,1.505479775,0.067273619,0.005602703,0.063588005,0.160877207,0.135000005,-0.127545129,-0.174999997,3.045272933,3.245272933
15.1129179,1.824511049,1.506158865,0.054118842,0.006247572,0.05145908,0.168149498,0.143000007,-0.121196559,-0.174999997,3.056147707,3.256147707
15.16603994,1.833159816,1.50660142,0.044437613,0.006669857,0.042385383,0.166875138,0.143000007,-0.110548443,-0.174999997,3.064793568,3.264793568
15.22114682,1.851061154,1.51094136,0.026844504,0.01098136,0.025644693,0.179180225,0.153999999,-0.125166093,-0.130999997,3.082694405,3.282694405
15.26132083,1.857167377,1.512398858,0.021583876,0.012432164,0.020584773,0.194043964,0.169,-0.140664746,-0.130999997,3.088799884,3.288799884
15.31193781,1.865286563,1.513168936,0.015441692,0.013195043,0.014658764,0.18262158,0.172999993,-0.139991311,-0.086999997,3.096916987,3.296916987
15.36644149,1.871985876,1.513263217,0.011609939,0.013284571,0.010969441,0.172517011,0.187999994,-0.145839667,-0.086999997,3.103614478,3.303614478
15.41473651,1.886045299,1.513394653,0.005782967,0.013408659,0.005362851,0.195522761,0.169,-0.122400737,-0.130999997,3.117671026,3.317671026
15.46295309,1.893425173,1.513431014,0.003098899,0.013442238,0.00276224,0.126020164,0.180999994,-0.126582866,0,3.125049794,3.325049794
15.51631737,1.904365016,1.513442657,-0.001778156,0.013450742,-0.002020626,0.212595346,0.185000002,-0.120506595,-0.130999997,3.135988374,3.335988374
15.56400132,1.909260907,1.513030749,-0.00987193,0.013037729,-0.010081371,0.193157345,0.165999994,-0.091372353,-0.086999997,3.140883734,3.340883734
15.61213756,1.91634268,1.512681331,-0.016093378,0.012686975,-0.016262694,0.20192404,0.172999993,-0.08150933,-0.086999997,3.147964924,3.347964924
15.66535091,1.91634268,1.512681331,-0.016093378,0.012686975,-0.016262694,0.195936204,0.177000001,-0.083393942,-0.043000001,3.147964924,3.347964924
15.71231008,1.930580193,1.512410107,-0.022604557,0.012413789,-0.022715036,0.215742265,0.185000002,-0.072668304,-0.130999997,3.16220166,3.36220166
15.76257825,1.93803822,1.512231706,-0.026453954,0.01223465,-0.026542291,0.218567213,0.187999994,-0.06496627,-0.086999997,3.169659397,3.369659397
15.81205964,1.945495286,1.512021018,-0.031146654,0.012023372,-0.031217258,0.159544173,0.202999994,-0.05852453,0,3.177116231,3.377116231
15.86270261,1.957448807,1.511627258,-0.033804864,0.011628903,-0.033854207,0.227153629,0.200000003,-0.048445131,-0.043000001,3.189069477,3.389069477
15.91215348,1.973798769,1.511055905,-0.03773446,0.011056912,-0.037764665,0.228959118,0.200000003,-0.034922406,-0.043000001,3.205419199,3.405419199
15.96175289,1.982232511,1.510730207,-0.040329729,0.010730989,-0.040353185,0.242300969,0.210999995,-0.027958343,-0.086999997,3.213852859,3.413852859
16.01670003,1.9908851,1.510373846,-0.043182428,0.010374449,-0.043200525,0.250254707,0.218999997,-0.01889664,-0.086999997,3.222505384,3.422505384
16.06279397,1.999636788,1.50998812,-0.04558205,0.009988584,-0.045595969,0.244938534,0.218999997,-0.009442574,0,3.231257023,3.431257023
16.12187028,2.008906996,1.509561253,-0.047467617,0.009561604,-0.047478157,0.262343769,0.233999997,-0.000706478,0,3.240527193,3.440527193
16.1661706,2.022611323,1.508902247,-0.048868429,0.00890248,-0.048875414,0.269946533,0.240999997,0.010561131,0,3.254231482,3.454231482
16.21177959,2.042087657,1.507945923,-0.049673112,0.007946053,-0.049677006,0.269285437,0.240999997,0.023994839,0,3.273707784,3.473707784
16.26703739,2.052395048,1.507433504,-0.051155897,0.007433599,-0.051158756,0.274383539,0.25999999,0.036387931,-0.043000001,3.284015165,3.484015165
16.31302261,2.063020921,1.506884867,-0.053161397,0.006884936,-0.053163475,0.294078952,0.270999998,0.050781212,0,3.294641031,3.494641031
16.36316228,2.073785596,1.506312153,-0.054726028,0.006312203,-0.054727532,0.294565228,0.279000014,0.064622347,0,3.305405701,3.505405701
16.41278863,2.084708977,1.505708957,-0.055827747,0.005708993,-0.055828831,0.2384883,0.275000006,0.075009586,-0.043000001,3.316329079,3.516329079
16.4655757,2.095611929,1.50509963,-0.05557662,0.005099656,-0.055577401,0.316617565,0.286000013,0.085999295,0.086999997,3.327232029,3.527232029
16.51821423,2.123831818,1.50359642,-0.049374912,0.003596431,-0.049375247,0.300681684,0.275000006,0.086307436,0.043000001,3.355451916,3.555451916
16.56138754,2.134978755,1.503054955,-0.045842448,0.003054963,-0.045842688,0.309644488,0.279000014,0.085263903,0.086999997,3.366598852,3.566598852
16.61157179,2.140632919,1.502795595,-0.044492613,0.002795601,-0.044492815,0.308308363,0.282999992,0.086337166,0.043000001,3.372253015,3.572253015
16.66352367,2.157957858,1.502070291,-0.036657726,0.002070295,-0.036657846,0.324365818,0.294,0.077328464,0.086999997,3.389577955,3.589577955
16.71331501,2.181625077,1.501293737,-0.027854265,0.001293739,-0.027854325,0.33131637,0.301999986,0.064578453,0.086999997,3.413245173,3.613245173
16.76230931,2.193700681,1.500967852,-0.024209111,0.000967853,-0.024209153,0.329324645,0.301999986,0.058492726,0.086999997,3.425320777,3.625320777
16.81521511,2.206057093,1.500679398,-0.021079988,0.000679399,-0.021080017,0.333003998,0.308999985,0.054637344,0.086999997,3.437677189,3.637677189
16.86236143,2.218654439,1.500419239,-0.019463294,0.000419239,-0.019463313,0.339142259,0.317000002,0.055050833,0.086999997,3.450274535,3.650274535
16.92026758,2.231851986,1.500162343,-0.017339457,0.000162343,-0.01733947,0.363866186,0.335999995,0.055530672,0.043000001,3.463472083,3.663472083
16.96788645,2.244970217,1.499946347,-0.014314247,-5.37E-05,-0.014314256,0.368604516,0.342999995,0.050016566,0.043000001,3.476589001,3.676589001
17.01912403,2.273990959,1.508544064,0.001761167,0.008544064,0.001761163,0.287999996,0.342999995,-0.152293323,0.130999997,3.505611055,3.705611055
17.06379008,2.287276427,1.510156928,0.007120252,0.010156928,0.00712025,0.299000002,0.354000002,-0.204451245,0.086999997,3.518896523,3.718896523
17.12038803,2.301376034,1.510263299,0.008545365,0.010263299,0.008545364,0.292000017,0.347000003,-0.207168248,0,3.532996131,3.732996131
17.16251683,2.315035549,1.510377024,0.006625874,0.010377024,0.006625873,0.281034402,0.335999995,-0.196065122,-0.043000001,3.546655645,3.746655645
17.2128396,2.328075313,1.51044643,0.004254229,0.01044643,0.004254228,0.293551312,0.305000007,-0.171815385,-0.130999997,3.559694105,3.759694105
17.26417494,2.340275213,1.510493049,0.001870858,0.010493049,0.001870857,0.292088392,0.298000008,-0.161478764,-0.130999997,3.571894089,3.771894089
17.31309962,2.369514706,1.510361675,-0.014632846,0.010361675,-0.014632846,0.312798849,0.286000013,-0.106026775,-0.174999997,3.601131879,3.801131879
17.36938977,2.380753147,1.510172697,-0.021538106,0.010172697,-0.021538106,0.319904305,0.294,-0.08596575,-0.174999997,3.612372119,3.812372119
17.41327286,2.392290045,1.509906471,-0.027765753,0.009906471,-0.027765753,0.310947754,0.282999992,-0.061404899,-0.130999997,3.623910142,3.823910142
17.46638775,2.403884966,1.509563837,-0.033838372,0.009563837,-0.033838372,0.314387459,0.294,-0.040948452,-0.174999997,3.635505063,3.835505063
17.51215148,2.41579721,1.509139429,-0.038971851,0.009139429,-0.038971851,0.313399246,0.298000008,-0.019926693,-0.130999997,3.647416115,3.847416115
17.56547117,2.427627887,1.508667796,-0.043161489,0.008667796,-0.043161489,0.312789665,0.308999985,-0.000464261,-0.086999997,3.659247983,3.859247983
17.61457443,2.452462634,1.507543579,-0.050736423,0.007543579,-0.050736423,0.279197859,0.308999985,0.040252705,-0.174999997,3.68408273,3.88408273
17.66242647,2.471495982,1.506537927,-0.05504489,0.006537927,-0.05504489,0.269395893,0.319999993,0.071529871,-0.043000001,3.703116078,3.903116078
17.71347475,2.490167355,1.505503679,-0.057408787,0.005503679,-0.057408787,0.259868352,0.312999994,0.093529306,-0.043000001,3.721787452,3.921787452
17.7661078,2.496197344,1.505157116,-0.057718889,0.005157116,-0.057718889,0.316539227,0.298000008,0.095130482,0.043000001,3.72781744,3.92781744
17.81188583,2.519319395,1.503835568,-0.055313838,0.003835568,-0.055313838,0.232037359,0.282999992,0.102230465,-0.043000001,3.750939491,3.950939491
17.86067915,2.519319395,1.503835568,-0.055313838,0.003835568,-0.055313838,0.270582554,0.279000014,0.10078552,0,3.750939491,3.950939491
17.91306615,2.536372496,1.505635088,-0.049201119,0.005635088,-0.049201119,0.293203231,0.263999999,0.055501341,0.086999997,3.767992592,3.967992592
17.96409988,2.537188653,1.51101992,-0.041861207,0.01101992,-0.041861207,0.216638164,0.268000007,-0.035275267,0.043000001,3.768808667,3.968808667
18.01694322,2.546198043,1.514333848,-0.031166808,0.014333848,-0.031166808,0.20100069,0.256000012,-0.10308058,0.086999997,3.777818139,3.977818139
18.05670977,2.561631624,1.513890548,-0.025031315,0.013890548,-0.025031315,0.197003783,0.252000004,-0.111356605,0.043000001,3.79325172,3.99325172
18.10632467,2.576307696,1.513553037,-0.021368059,0.013553037,-0.021368059,0.186434711,0.240999997,-0.111274735,0,3.807926325,4.007926325
18.15641594,2.585425678,1.513362052,-0.021706596,0.013362052,-0.021706596,0.249022292,0.225999996,-0.101449732,-0.086999997,3.817045775,4.017045775
18.20608234,2.593943665,1.513177133,-0.022753911,0.013177133,-0.022753911,0.202431821,0.207000002,-0.088865735,-0.043000001,3.825563762,4.025563762
18.25597572,2.602221252,1.512981407,-0.025368086,0.012981407,-0.025368086,0.157473483,0.210999995,-0.083039921,0,3.833840521,4.033840521
18.30596304,2.610578262,1.512762188,-0.027445976,0.012762188,-0.027445976,0.223135859,0.207000002,-0.074927769,-0.043000001,3.842198358,4.042198358
18.35620308,2.622493192,1.512411099,-0.030707152,0.012411099,-0.030707152,0.226799449,0.195999995,-0.061159352,-0.086999997,3.854113288,4.054113288
18.40652108,2.637484792,1.511903314,-0.037666037,0.011903314,-0.037666037,0.220715378,0.192000002,-0.04174238,-0.043000001,3.869103389,4.069103389
18.45747995,2.645239048,1.511607822,-0.040134756,0.011607822,-0.040134756,0.227498362,0.195999995,-0.034905042,-0.086999997,3.876858368,4.076858368
18.5060904,2.653292531,1.511280965,-0.04167476,0.011280965,-0.04167476,0.211447389,0.202999994,-0.029733084,0,3.884911822,4.084911822
18.55593634,2.661644858,1.510925273,-0.044258774,0.010925273,-0.044258774,0.24610019,0.215000004,-0.022140309,-0.130999997,3.893264954,4.093264954
18.60669446,2.670456017,1.510531066,-0.047286299,0.010531066,-0.047286299,0.257093258,0.225999996,-0.01200752,-0.086999997,3.902076113,4.102076113
18.65714407,2.683620421,1.509888626,-0.050093445,0.009888626,-0.050093445,0.266612943,0.237000003,0.001633835,-0.043000001,3.915239201,4.115239201
18.70598316,2.702116585,1.508951595,-0.05038696,0.008951595,-0.05038696,0.26085693,0.237000003,0.013397103,0.043000001,3.933734831,4.133734831
18.7558682,2.70787205,1.51427548,-0.045853949,0.01427548,-0.045853949,0.216706084,0.248999998,-0.06308518,0,3.939492146,4.139492146
18.80625749,2.712336082,1.522170816,-0.040110028,0.022170816,-0.040110028,0.206092115,0.25999999,-0.181501313,-0.043000001,3.943955731,4.143955731
18.85647941,2.720456263,1.525021754,-0.039039273,0.025021754,-0.039039273,0.210274168,0.263999999,-0.223501919,-0.086999997,3.952075547,4.152075547
18.90642738,2.730927998,1.52460366,-0.041373652,0.02460366,-0.041373652,0.205189048,0.25999999,-0.208872077,-0.043000001,3.962548095,4.162548095
18.95749283,2.745235286,1.523999086,-0.045193834,0.023999086,-0.045193834,0.185948489,0.225999996,-0.166413294,-0.086999997,3.976855382,4.176855382
19.00729275,2.762854578,1.523143925,-0.054526904,0.023143925,-0.054526904,0.245618175,0.215000004,-0.129521551,-0.218999997,3.994472913,4.194472913
19.05711055,2.770902103,1.522697752,-0.060128959,0.022697752,-0.060128959,0.23097715,0.200000003,-0.105030433,-0.218999997,4.002521395,4.202521395
19.10679436,2.778807144,1.522211575,-0.067133026,0.022211575,-0.067133026,0.227072723,0.195999995,-0.084658219,-0.174999997,4.010426449,4.210426449
19.15590596,2.786608654,1.521672827,-0.074019478,0.021672827,-0.074019478,0.233816596,0.202999994,-0.068451788,-0.174999997,4.01822797,4.21822797
19.20642066,2.798911583,1.520717173,-0.082990269,0.020717173,-0.082990269,0.233666793,0.202999994,-0.040840438,-0.174999997,4.030531679,4.230531679
19.25859547,2.811963626,1.519598937,-0.090958636,0.019598937,-0.090958636,0.254346521,0.225999996,-0.015125578,-0.086999997,4.043582418,4.243582418
19.31720877,2.825464928,1.518337837,-0.095684753,0.018337837,-0.095684753,0.256160888,0.230000004,0.009735594,-0.043000001,4.057083674,4.257083674
19.3558836,2.834781453,1.517435542,-0.097489138,0.017435542,-0.097489138,0.261348718,0.233999997,0.024549612,0,4.066401549,4.266401549
19.40618515,2.844375364,1.516493182,-0.098486636,0.016493182,-0.098486636,0.259111265,0.237000003,0.038278745,-0.043000001,4.075995461,4.275995461
19.45609832,2.854048263,1.515537484,-0.099336804,0.015537484,-0.099336804,0.260538087,0.245000005,0.053257161,-0.043000001,4.085667392,4.285667392
19.50688314,2.864237751,1.514521838,-0.099908982,0.014521838,-0.099908982,0.261905933,0.25999999,0.07111342,-0.043000001,4.095856828,4.295856828
19.55769587,2.880137571,1.512923449,-0.099315453,0.012923449,-0.099315453,0.268445159,0.270999998,0.094060072,0,4.111757667,4.311757667
19.6063056,2.901671177,1.510781829,-0.097286689,0.010781829,-0.097286689,0.281217319,0.268000007,0.116186248,0.043000001,4.133291273,4.333291273
19.65681243,2.912340984,1.509745139,-0.095003235,0.009745139,-0.095003235,0.298532588,0.268000007,0.123935564,0.130999997,4.143960013,4.343960013
19.70691323,2.922993737,1.50873937,-0.091153372,0.00873937,-0.091153372,0.293479016,0.263999999,0.125192036,0.086999997,4.154612768,4.354612768
19.75651217,2.933730198,1.507772246,-0.087377219,0.007772246,-0.087377219,0.29965191,0.270999998,0.131380485,0.086999997,4.165350294,4.365350294
19.80850315,2.944768962,1.506815191,-0.083200994,0.006815191,-0.083200994,0.31336174,0.282999992,0.138924796,0.130999997,4.176387955,4.376387955
19.8574512,2.962186804,1.505852035,-0.076461052,0.005852035,-0.076461052,0.331585971,0.301999986,0.142458395,0.174999997,4.193805159,4.393805159
19.90622926,2.990016126,1.510700685,-0.061132811,0.010700685,-0.061132811,0,0.305000007,0,0.130999997,4.221636222,4.421636222
19.95667219,3.00243368,1.509951479,-0.056472115,0.009951479,-0.056472115,0,0.312999994,0,0.130999997,4.234053777,4.434053777
20.00659204,3.013496805,1.509339479,-0.051454621,0.009339479,-0.051454621,0,0.256000012,0,0.086999997,4.245116901,4.445116901
20.0559721,3.022225346,1.50888991,-0.04970118,0.00888991,-0.04970118,0,0.202999994,0,0.086999997,4.253845442,4.453845442
20.10595441,3.029736132,1.508519998,-0.047870669,0.008519998,-0.047870669,0,0.086000003,0,0.043000001,4.261356229,4.461356229
20.15912056,3.031594005,1.508431654,-0.046322999,0.008431654,-0.046322999,0,0.003,0,-0.043000001,4.263214101,4.463214101
20.20501804,3.031593988,1.508431766,-0.047476613,0.008431766,-0.047476613,0,-0.003,0,-0.043000001,4.263214101,4.463214101
20.25583959,3.031534064,1.50843462,-0.048336619,0.00843462,-0.048336619,0,0,0,0,4.263154161,4.463214101
